Name,Group
ABDERRAZZAQ OUALIM,UNASSIGNED
ASHWIN CHANDRASHEKAR,UNASSIGNED
AZZEDDINE OUDEBJI,UNASSIGNED
Aadhithya G,UNASSIGNED
Aakansha Vaidya,UNASSIGNED
Aarti Joshi,UNASSIGNED
Aarti Mohapatra,UNASSIGNED
Aayushi Singhal,UNASSIGNED
AbdelHAKK Bakrey,UNASSIGNED
Abdelhafid ERRABIH,UNASSIGNED
Abdelkerim Benchekh,UNASSIGNED
Abderrahman Ait Raho,UNASSIGNED
Abhijeet Rai,UNASSIGNED
Abhijith H,UNASSIGNED
Abhinav Jain,UNASSIGNED
Abhinav Kriti,UNASSIGNED
Abhinav Sharma,UNASSIGNED
Abhinav Warshe,UNASSIGNED
Abhiraj Bandal,UNASSIGNED
Abhiram Pande,UNASSIGNED
Abhishek Diddikadi,UNASSIGNED
Abhishek Pandey,UNASSIGNED
Achal Bannore,UNASSIGNED
Achim Krumrein,UNASSIGNED
Achraf Benyazid,UNASSIGNED
Adam Ignatowicz,UNASSIGNED
Adam Musialik,UNASSIGNED
Adam Wawrzyniak,UNASSIGNED
Aditya Aditya,UNASSIGNED
Aditya Chaure,UNASSIGNED
Aditya Kasar,UNASSIGNED
Aditya Kumar,UNASSIGNED
Adrian Chrzanowski,UNASSIGNED
Adrian Lazinski,UNASSIGNED
Adrian Pica,UNASSIGNED
Afroz Alam,UNASSIGNED
Agenishrajkumar Kalidass Sasirega,L3
Agnieszka Bochenek,UNASSIGNED
Ahilleas Gitzias,UNASSIGNED
Aidan Mitchell,UNASSIGNED
Aimane Essadki,UNASSIGNED
Aisha Bouani,UNASSIGNED
Aishwarya Mishra,UNASSIGNED
Aiswarya K V,UNASSIGNED
Ajay Nadmane,UNASSIGNED
Akanksha Anand,UNASSIGNED
Akash Bhimpure,UNASSIGNED
Akash Mane,UNASSIGNED
Ake Wijkmark,UNASSIGNED
Akib Bagwan,UNASSIGNED
Akshat Jain,UNASSIGNED
Akshata Deshmukh,UNASSIGNED
Akshita Sharma,UNASSIGNED
Albin Hedlund,UNASSIGNED
Alec Bourgault-Giguere,UNASSIGNED
Aleksandra Brucko-Stempkowska,UNASSIGNED
Aleksandra Maliszewska,UNASSIGNED
Alex Dumitriu,UNASSIGNED
Alexander Butros,UNASSIGNED
Alexander Schaefer,UNASSIGNED
Alexandra Florea,UNASSIGNED
Alexia Thayer,UNASSIGNED
Alexis Jacquot,UNASSIGNED
Ali Boga,UNASSIGNED
Alin Mircea,UNASSIGNED
Alina Anton,UNASSIGNED
Alok Kumar,UNASSIGNED
Aman Mahajan,UNASSIGNED
Ambre Jalon,UNASSIGNED
Amine MEKKAOUI,UNASSIGNED
Amine Moumen,UNASSIGNED
Amir Abdou Mahmoud,UNASSIGNED
Amir Misaghi,UNASSIGNED
Amit Deshpande,UNASSIGNED
Amit Kumar Bhaseen,UNASSIGNED
Amol Ghorpade,UNASSIGNED
Amol Lungare,UNASSIGNED
Amol Shelke,UNASSIGNED
Anand Bhosale,UNASSIGNED
Anand Mahajan,UNASSIGNED
Anbarasan K,UNASSIGNED
Anbarasan Kalimuthu,UNASSIGNED
Anders Klang,L1
Anders Kullenberg,UNASSIGNED
Anders Pettersson,UNASSIGNED
Anders Sibbesson,UNASSIGNED
Andreas Bergstrand,UNASSIGNED
Andreas Gunnarsson,UNASSIGNED
Andreas Olsson,UNASSIGNED
Andreas Stjernfeldt,UNASSIGNED
Andreas Stålhandske,UNASSIGNED
Andrei Alexandru Buleti,UNASSIGNED
Andrew Arons,UNASSIGNED
Andrew DeRosier,UNASSIGNED
Andrew O'Connell,UNASSIGNED
Andrew Simpson,UNASSIGNED
Andy Servetas,UNASSIGNED
Aniket Davkhar,UNASSIGNED
Aniket Joeel,UNASSIGNED
Aniket Mallesh,UNASSIGNED
Aniket Saswade,UNASSIGNED
Anit Banerjee,UNASSIGNED
Anjan Kumar,UNASSIGNED
Anjin Dahlhojd,UNASSIGNED
Anjin Kim Forsell Dahlhöjd,UNASSIGNED
Ankur Narwal,UNASSIGNED
Ann-Charlotte Hertzman,UNASSIGNED
Anna Cichorek,UNASSIGNED
Anna Ehn,UNASSIGNED
Anna Makhinko,UNASSIGNED
Anne Vicat,UNASSIGNED
Annika Heikinniemi,UNASSIGNED
Ansh Kochhar,UNASSIGNED
Anshika Tiwari,UNASSIGNED
Anshu Thakur,UNASSIGNED
Anton Holm,L1
Anup Goyal,UNASSIGNED
Anurag Ingle,UNASSIGNED
Anurag Singh,UNASSIGNED
Anusha Purre,UNASSIGNED
Anushka Atri,UNASSIGNED
Anushka Rao,UNASSIGNED
Anushka Singhal,UNASSIGNED
Aravinth Murugesan,UNASSIGNED
Arnaud Lallart,UNASSIGNED
Arpit Kumar Singh,UNASSIGNED
Arpit Singh,UNASSIGNED
Arshad Imam,UNASSIGNED
Artsiom Shebiada,UNASSIGNED
Arun K S,L3
Arun Somanathan,UNASSIGNED
Arun Uchila,UNASSIGNED
Arunkumar Raja,UNASSIGNED
Arunrajkumar Santhiyappan,UNASSIGNED
Arvid Mattsson,UNASSIGNED
Aryan Chavhan,UNASSIGNED
Ashish,UNASSIGNED
Ashish Goyal,UNASSIGNED
Ashish Nimbalkar,UNASSIGNED
Ashlesha Jagdale,UNASSIGNED
Ashok Gunturi,UNASSIGNED
Ashokraj Perumayi Subramanian,UNASSIGNED
Ashokraj Perumayi Supplier,UNASSIGNED
Ashutosh Bachute,UNASSIGNED
Ashwin Bolar Chandrashekar Tonse,UNASSIGNED
Asmit Suragond,UNASSIGNED
Asmita Kanawade,UNASSIGNED
Ataollah Gogani Khiabani,UNASSIGNED
Atharva Dhumal,UNASSIGNED
Atharva Patil,UNASSIGNED
Avichal Ahuja,UNASSIGNED
Avinash Kumar,UNASSIGNED
Ayush Agarwal,UNASSIGNED
Ayush Bharti,UNASSIGNED
Ayushi Singh,UNASSIGNED
Azad Salem,UNASSIGNED
B. V. Sudharshan Sampath,UNASSIGNED
BENNY BUSTAD,UNASSIGNED
BO NILSSON,UNASSIGNED
BT Owen,UNASSIGNED
Badr El Andadi,UNASSIGNED
Balaji Dange,UNASSIGNED
Balaji Shivraj Dange,UNASSIGNED
Balraj Yelsangikar,UNASSIGNED
Bao Jiang River Mi,UNASSIGNED
Barsha Koley,UNASSIGNED
Bartlomiej Rodak,UNASSIGNED
Bartosz Gorajewski,UNASSIGNED
Benedikt Mueller,UNASSIGNED
Bengt Ljunggren,UNASSIGNED
Benjamin Plumejault,UNASSIGNED
Beomgyu Park,UNASSIGNED
Beomseok Jeon,UNASSIGNED
Bettina Minda,UNASSIGNED
Bhagyashree Sonawane,UNASSIGNED
Bharat Vangavolu,UNASSIGNED
Bhavya Agarwal,UNASSIGNED
Bhawna Chaudhary,UNASSIGNED
Bhawna Masand,UNASSIGNED
Bhimashankar Madke,UNASSIGNED
Bhupendra Bodkhe,UNASSIGNED
Bhushan Dhamdhere,UNASSIGNED
Bhushan Kalbhor,UNASSIGNED
Bi Tao Brent Li,UNASSIGNED
Billy Green,UNASSIGNED
Bin Chen,UNASSIGNED
Bjorn Rost,UNASSIGNED
Bob Yang,UNASSIGNED
Boban Janakieski,UNASSIGNED
Boris Blajevici,UNASSIGNED
Brahim Sadik,UNASSIGNED
Brent Kelly,UNASSIGNED
Brett Black,UNASSIGNED
Brett Brough,UNASSIGNED
Brian Nauyokas,UNASSIGNED
Brighty Manvitha,UNASSIGNED
Brownlie James,L3
Bruce Wang,UNASSIGNED
Bruno Campos,UNASSIGNED
Budhavaram Yaswanth,UNASSIGNED
C Brantner,UNASSIGNED
Callum Beattie,UNASSIGNED
Cameron Moore,UNASSIGNED
Camila Alves Ferreira,UNASSIGNED
Cassie Bonte,UNASSIGNED
Cassie Yang,UNASSIGNED
Cedric Nemery,UNASSIGNED
Cezar Martin,UNASSIGNED
Chandrashekar Praveen Kumar,UNASSIGNED
Chandrashekhar Hagalagar,UNASSIGNED
Chao Max Wang,UNASSIGNED
Charles Gautier,UNASSIGNED
Charlotte Halstead,UNASSIGNED
Charlotte Lowy,UNASSIGNED
Charul Gupta,UNASSIGNED
Cheolhwan Hwang,UNASSIGNED
Chetan More,UNASSIGNED
Chinmay Kulkarni,UNASSIGNED
Chinmayee Dash,UNASSIGNED
Chris Morehead,UNASSIGNED
Christer Agren,UNASSIGNED
Christer Asplund,UNASSIGNED
Christian Nilsson,UNASSIGNED
Christian Weirich,UNASSIGNED
Christoffer Johnson,UNASSIGNED
Christophe Morfin,UNASSIGNED
Christophe PALANDRE,UNASSIGNED
Christopher Jurkiewicz,UNASSIGNED
Christopher Keegan,UNASSIGNED
Chulki Lee,UNASSIGNED
Ciprian Cojocaru,UNASSIGNED
Cirilo Domingos,UNASSIGNED
Claes Aronsson,UNASSIGNED
Cola Li,UNASSIGNED
Cornelia Schroeter,L1
Cosmin Cornel,UNASSIGNED
Cosmin Ionescu,UNASSIGNED
Cris Tabaniag,UNASSIGNED
Csilla Dobi,UNASSIGNED
Cyril Marty,UNASSIGNED
Dag Borjesson,UNASSIGNED
Dan Johansson,UNASSIGNED
Dana Josef,UNASSIGNED
Daniel Boylan,UNASSIGNED
Daniel Mueller,UNASSIGNED
Daniel Paulsson,UNASSIGNED
Daniel Schön,UNASSIGNED
Daniel Stenekap,UNASSIGNED
Daniel Thye,UNASSIGNED
Daniella Romic,UNASSIGNED
Dariosh Nayebi,UNASSIGNED
Darrsan Raveendran,UNASSIGNED
Dattatray Parande,UNASSIGNED
Dave Vandersleen,L3
David Berglund,UNASSIGNED
David Carl Albrekt,UNASSIGNED
David Grimsley Jr,UNASSIGNED
David Jensen,UNASSIGNED
David Lindecamp,UNASSIGNED
David Mattsson,UNASSIGNED
David Vandersleen,UNASSIGNED
David Westerling,UNASSIGNED
Deepak Maurya,UNASSIGNED
Deepak Palakkandy,UNASSIGNED
Deepanraj Perumalsamy,UNASSIGNED
Deepesh Rai,UNASSIGNED
Deepesh Siroha,UNASSIGNED
Denise Oberbillig,UNASSIGNED
Dennis Andersson,UNASSIGNED
Dennis Kaithemattom,UNASSIGNED
Dennis Persson,UNASSIGNED
Devaki Pudukota,UNASSIGNED
Dhanya Naik,UNASSIGNED
Dhinesh V M,UNASSIGNED
Dhiraj Patil,UNASSIGNED
Dietmar Zehren,UNASSIGNED
Digvijay Patil,UNASSIGNED
Dilip Pandit,UNASSIGNED
Dinesh R,UNASSIGNED
Dipshree Dashrath Shinde,L3
Dipshree Shinde,UNASSIGNED
Divya Ereshappa,UNASSIGNED
Diwakar Tyagi,UNASSIGNED
Do In Hwang,UNASSIGNED
Dongju Kim,UNASSIGNED
Dongmin Kim,UNASSIGNED
Dongsu Jung,L3
Donna Andersen,UNASSIGNED
Doyun Jung,L1
Drum Stephen,L3
Dummy Ced,UNASSIGNED
Echo Liu,UNASSIGNED
Elena Escuder Milian,UNASSIGNED
Elenor Beijnoff,L1
Elias Swedenborg,UNASSIGNED
Elliott Erking,L3
Emil Zanden,UNASSIGNED
Emilia Szymczak,UNASSIGNED
Emily Zhou,UNASSIGNED
Emma Domare,UNASSIGNED
Emma Goldie,UNASSIGNED
Emmanuel Marques Scur,UNASSIGNED
Eric Johansson,UNASSIGNED
Eric Lejeau,L1
Eric Wahl,UNASSIGNED
Erik Malmström,UNASSIGNED
Erik Norlin,UNASSIGNED
Erik Zackrisson,UNASSIGNED
Eva Bertalan,UNASSIGNED
Eva Lundkvist,UNASSIGNED
Fabian Schieber,UNASSIGNED
Fadel Imoussaten,UNASSIGNED
Fanny Johansson,UNASSIGNED
Fawzy Siddik,UNASSIGNED
Fedor Krysiuk,UNASSIGNED
Fei Liu,UNASSIGNED
Felicia Sandblad,UNASSIGNED
Feng Xiang Cliff Tian,UNASSIGNED
Fernanda Vella,UNASSIGNED
Fernando Lauria,UNASSIGNED
Filip Magnuson,UNASSIGNED
Florent Diaz,UNASSIGNED
Florian Ritter,UNASSIGNED
Florin Mihaiu,UNASSIGNED
Fouad EL HAMZAOUI,UNASSIGNED
Frank Arnoux,UNASSIGNED
Frank Heckenbach,L1
Frank Kellersch,UNASSIGNED
Frank Liu,UNASSIGNED
Frank Vukelich,UNASSIGNED
Frederic Borrel,UNASSIGNED
Fredrik Andersson,UNASSIGNED
Fredrik Barrdahl,UNASSIGNED
Fredrik Jansson,UNASSIGNED
Fredrik Johansson,UNASSIGNED
Frida Christiansson,UNASSIGNED
Gabor Kosa,UNASSIGNED
Gabriel Holley,UNASSIGNED
Gabriel Sbrana,UNASSIGNED
Gabriella Sundh,L3
Gajendra Rainger,UNASSIGNED
Galiya Gabitova,UNASSIGNED
Garima Arora,UNASSIGNED
Gaurav Amrutkar,UNASSIGNED
Gaurav Kulkarni,UNASSIGNED
Gautam Roy Chowdhury,UNASSIGNED
Gent Wisting,UNASSIGNED
George Hendry,UNASSIGNED
George Zhang,UNASSIGNED
Georgia Lynch,UNASSIGNED
Giara Cooper,UNASSIGNED
Gilles Clech,UNASSIGNED
Gilles Vergelin,UNASSIGNED
Giwan Park,UNASSIGNED
Glee Tian,UNASSIGNED
Glenn Williams,UNASSIGNED
Gokulprasath Kumar,UNASSIGNED
Gopi Krishna Nekkalapudi,UNASSIGNED
Gopi Poomalai,UNASSIGNED
Gourish R,UNASSIGNED
Gowrishankar Viswanathan,UNASSIGNED
Grzegorz Lazarowicz,UNASSIGNED
Grzegorz Zaluski,UNASSIGNED
Guilherme Mattila,UNASSIGNED
Guillaume Audinos,UNASSIGNED
Guillaume Hirsch,UNASSIGNED
Gunilla Carlsson,UNASSIGNED
Gunjan Aneja,UNASSIGNED
Gunnar Lindberg,UNASSIGNED
Guo Zhu Mark Lv,UNASSIGNED
Gururaj Awate,UNASSIGNED
Göran Åberg,UNASSIGNED
HASSAN ADORDOR,UNASSIGNED
HCL Integration,UNASSIGNED
HERVE ABAT VOLVO,UNASSIGNED
HICHAM BOUAICH,UNASSIGNED
Hai Evan Zhang,UNASSIGNED
Haikyung Kim,UNASSIGNED
Hanchoul Shin,UNASSIGNED
Hans-Joachim Komm,UNASSIGNED
Hao Liu,UNASSIGNED
Harald Hiller,UNASSIGNED
Hardy Fransson,UNASSIGNED
Hari Krishna M,UNASSIGNED
Harold Darden,UNASSIGNED
Harsh Shah,UNASSIGNED
Harshavardan Gorle,UNASSIGNED
Harshavardhan Nayak,UNASSIGNED
Harshit Thareja,UNASSIGNED
Harshita Dhage,UNASSIGNED
Harshitha D C,L3
Heather Magno,UNASSIGNED
Helder Noura,UNASSIGNED
Hema GM,UNASSIGNED
Hemant Chaugule,UNASSIGNED
Henning Dickhaus,UNASSIGNED
Henri Miranda,UNASSIGNED
Henrik Johansson,UNASSIGNED
Hicham ELMOADEN,UNASSIGNED
Hicham Lafkir,UNASSIGNED
Hichem Labza,UNASSIGNED
Hideyuki Akiyama,UNASSIGNED
Himanshu Chanana,UNASSIGNED
Himanshu Goyal,UNASSIGNED
Himanshu Rana,UNASSIGNED
Himanshu Sharma,UNASSIGNED
Holger Kring,UNASSIGNED
Homa Ghiasi,UNASSIGNED
Hovik Moosakhanian,L3
Hrishikesh Joshi,UNASSIGNED
Hrishikesh Malunjkar,UNASSIGNED
Hubert Brzostowski,UNASSIGNED
Hunter Bryan,UNASSIGNED
Hyunchul Choi,UNASSIGNED
ISMAIL BOUDALA,UNASSIGNED
Ian Maloney,UNASSIGNED
Ihsane El Khaouda,UNASSIGNED
Ilaria Curcuglioniti,UNASSIGNED
Immanuvel P,UNASSIGNED
Ingalill Majkvist,UNASSIGNED
Ioannis Zaimidis,UNASSIGNED
Isak Fries,UNASSIGNED
Isak Gylfe,UNASSIGNED
Ishika Gupta,UNASSIGNED
Ishvinder Singh Arora,UNASSIGNED
Ismail Yassine Bekkali,UNASSIGNED
Ivens Silveira,UNASSIGNED
Ivy Zhuang,UNASSIGNED
JILLES ENDHOVEN,UNASSIGNED
JINBONG CHOI,UNASSIGNED
JORDAN Bingaman,UNASSIGNED
Jacek Lachowicz,UNASSIGNED
Jack Haddad,UNASSIGNED
Jack Smart,UNASSIGNED
Jacob Lindberg,UNASSIGNED
Jacob Mahmood,UNASSIGNED
Jadah Williams,UNASSIGNED
Jagadish Suryadevara,UNASSIGNED
Jagbir Singh Ghataura,UNASSIGNED
Jakub Sarek,UNASSIGNED
Jan Andersson,UNASSIGNED
Janice Proudfoot,L3
Jarid Beason,UNASSIGNED
Jaroslaw Tyc,UNASSIGNED
Jason Caldwell,UNASSIGNED
Javeed Kagad,UNASSIGNED
Jaya Prakash Reddy,UNASSIGNED
Jayaprakash Reddy,UNASSIGNED
Jean Claude Chelle,UNASSIGNED
Jean Marc Ginollin,UNASSIGNED
Jean-François Doyharçabal,UNASSIGNED
Jennie Carlsson,UNASSIGNED
Jennie Yin,UNASSIGNED
Jens Carmbrant,UNASSIGNED
Jeongmo Ku,UNASSIGNED
Jeremy Spilinek,UNASSIGNED
Jerg Theurer,UNASSIGNED
Jerin Pradeep Jeyaseelan,UNASSIGNED
Jerome Son,L3
Jesper Almgren,UNASSIGNED
Jesper Lindahl,UNASSIGNED
Jesper Panzar,UNASSIGNED
Jessica Sigfridsson,UNASSIGNED
Jiayi Zhou,UNASSIGNED
Jilles Endhoven,L1
Jillian Heatley,UNASSIGNED
Jing Jing Feng,UNASSIGNED
Jing Yang,UNASSIGNED
Jitesh Sarode,UNASSIGNED
Jivan Patil,UNASSIGNED
Joakim Lundén,UNASSIGNED
Joe Bartlett,UNASSIGNED
Joe Sun,UNASSIGNED
Joel Perez,UNASSIGNED
Johan Ankarloo,UNASSIGNED
Johan Larsson,UNASSIGNED
Johan Lindahl,UNASSIGNED
Johan Malm,UNASSIGNED
Johan Mattsson,UNASSIGNED
Johan Melkersten,UNASSIGNED
Johannes Backeras,UNASSIGNED
John Alsterhäll,UNASSIGNED
John Greiner,UNASSIGNED
John Patrik Ahlström,UNASSIGNED
Jon Castor,UNASSIGNED
Jon Fobert,UNASSIGNED
Jon Patterson,UNASSIGNED
Jonas Ljungdahl,UNASSIGNED
Jong Ho Kim,UNASSIGNED
Jordan Bingaman,UNASSIGNED
Jordan Malik,UNASSIGNED
Josefin Hult,UNASSIGNED
Joseph Sottosanti,UNASSIGNED
Josephine Stella R,UNASSIGNED
Ju April Hong,UNASSIGNED
Juergen Sogemeyer,UNASSIGNED
Juha Auvinen,UNASSIGNED
Juha Huhmarniemi,UNASSIGNED
Julien Bertolini,UNASSIGNED
Junghun Lee,UNASSIGNED
Jungwon Park,UNASSIGNED
Justin Braga,UNASSIGNED
Justin Girineza,UNASSIGNED
Jyotsna Mane,UNASSIGNED
Kadirikota Jeevan,UNASSIGNED
KambaGiri Atte,UNASSIGNED
Kamel Temmaria,UNASSIGNED
Kamesh Landge,UNASSIGNED
Kamil Jachyra,UNASSIGNED
Kamil Michalski,UNASSIGNED
Kamila Drobnik,UNASSIGNED
Kaniyappan Pasupathi,UNASSIGNED
Kannan Muthaiah,UNASSIGNED
Kapil Patil,UNASSIGNED
Karim Akhssassi,UNASSIGNED
Karin Lindgren,UNASSIGNED
Karl Dahlström,L1
Karol Danielski,UNASSIGNED
Karol Dziubek,UNASSIGNED
Karoline Kron,UNASSIGNED
Karthik Reddy Chaganti,UNASSIGNED
Karthikeyan,UNASSIGNED
Karthikeyan Boopathi,UNASSIGNED
Katarina Bjorkman,UNASSIGNED
Katarina Björkman,UNASSIGNED
Katarzyna Kajfasz-Gabrys,UNASSIGNED
Katarzyna Morawska,L3
Katyayani NA,UNASSIGNED
Kaustubh Upare,UNASSIGNED
Keith Elsaesser,UNASSIGNED
Kellan Chen,UNASSIGNED
Ken Botwinick,UNASSIGNED
Ken Jin,UNASSIGNED
Ken Klose,UNASSIGNED
Kendra PIAO,UNASSIGNED
Kent Nyström,UNASSIGNED
Keshava Murthy HG,L2
Keshavamurthy Hg,L2
Ketan Aggarwal,UNASSIGNED
Ketan Singh,UNASSIGNED
Kevin George,UNASSIGNED
Kevin Keller,L1
Kevin McClintock,UNASSIGNED
Khadija Alaoui,UNASSIGNED
Khalilulla Shaik,UNASSIGNED
Kim Sour KHEM,UNASSIGNED
Kiran Sonar,UNASSIGNED
Kiyoaki Abe,UNASSIGNED
Kjell-ove Hjert,UNASSIGNED
Kjell-Åke Köld,UNASSIGNED
Klaus Rollar,UNASSIGNED
Kokila Rajaram,L3
Kristian Dahlstedt,UNASSIGNED
Kristina Winblad,UNASSIGNED
Kristofer Ferm,L1
Kristoffer Johansson,UNASSIGNED
Kritika Jain,UNASSIGNED
Krzysztof Ratajczak,UNASSIGNED
Kumaresan M,UNASSIGNED
Kunal Khune,UNASSIGNED
Kushal Katoch,UNASSIGNED
LAKSHMI SAI PRASANNA BOMMIDI,UNASSIGNED
LARBI FARAH,UNASSIGNED
Lakshmi Narasimhan Vijayasimhan,UNASSIGNED
Lars Abrahamsson,UNASSIGNED
Laurent Ogier,UNASSIGNED
Laurie Beliveau,UNASSIGNED
Laurie McDougall,UNASSIGNED
Lena Gustafsson,UNASSIGNED
Lena Sollenlid,UNASSIGNED
Leonard Cronholm,UNASSIGNED
Leonardo Mathias,UNASSIGNED
Leticia Mello,UNASSIGNED
Lily Liu,UNASSIGNED
Lily Xu,UNASSIGNED
Linnea Djurling Ayash,UNASSIGNED
Linnéa Graflund,UNASSIGNED
Linnéa Matsson,UNASSIGNED
Logan Williamson,UNASSIGNED
Lotta Christoffersson,UNASSIGNED
Louise Henrysson,UNASSIGNED
Lucas Contador,UNASSIGNED
Lucas Freitas,UNASSIGNED
Lucas Strom,UNASSIGNED
Luis Barbosa,UNASSIGNED
Luis Barrios,UNASSIGNED
Luis Gonzalez,UNASSIGNED
Lukasz Barczewski,UNASSIGNED
Lukasz Mielczarek,UNASSIGNED
Lutete Lutete,UNASSIGNED
MICHAEL NEUHAUS,UNASSIGNED
MUSTAPHA OULLEMINE,UNASSIGNED
Maciej Karcz,UNASSIGNED
Maciej Maniewski,UNASSIGNED
Maciej Palica,UNASSIGNED
Maciej Pilch,L2
Madhava Deva Kumar Sambasivam,UNASSIGNED
Madhava deva Kumar S,UNASSIGNED
Madhumathi Choukimath,UNASSIGNED
Maggie Ma,UNASSIGNED
Magnus Engman,UNASSIGNED
Magnus Kvartsén,UNASSIGNED
Mahesh Kumar P V,UNASSIGNED
Mahesh Lomate,UNASSIGNED
Mahesh Sharma,UNASSIGNED
Mahmood Murad,UNASSIGNED
Malin Attstedt,UNASSIGNED
Mangesh Devraj,UNASSIGNED
Mangundur Subbu,UNASSIGNED
Manjula Saluja,UNASSIGNED
Manoj Lingutla,UNASSIGNED
Manoj Sripura,UNASSIGNED
Manpreet Singh,UNASSIGNED
Mansi Malik,UNASSIGNED
Marc Becker,UNASSIGNED
Marc Nemecska,UNASSIGNED
Marcelina Skopek-Szemik,UNASSIGNED
Marcin Kenig,UNASSIGNED
Marcin Mikielewicz,UNASSIGNED
Marcin Pabis,UNASSIGNED
Marco Gust,UNASSIGNED
Marco ter Stege,UNASSIGNED
Marcus Gustafsson,UNASSIGNED
Marcus Olsson,UNASSIGNED
Marcus Söderberg,UNASSIGNED
Marek Nowaczyk,UNASSIGNED
Maria Constanza Vitorgan Barrenechea,UNASSIGNED
Marit Paltaan,UNASSIGNED
Mariusz Jarzynski,UNASSIGNED
Mark Fasulo,UNASSIGNED
Mark Gillespie,UNASSIGNED
Markus Krost,UNASSIGNED
Markus Samuelsson,UNASSIGNED
Martin Karlsson,UNASSIGNED
Martin Olofsson,UNASSIGNED
Martin Rosén,UNASSIGNED
Martyn Collier,UNASSIGNED
Marvin Lindenberg,UNASSIGNED
Mary Horrocks,UNASSIGNED
Masahiko Nojima,UNASSIGNED
Mateusz Boczar,UNASSIGNED
Mateusz Lepecki,UNASSIGNED
Mateusz Palak,UNASSIGNED
Mathias Seger,UNASSIGNED
Mathieu Koos,UNASSIGNED
Mats Allström,UNASSIGNED
Mats Erlandsson,UNASSIGNED
Matt Roy,UNASSIGNED
Matthias Hillebrand,UNASSIGNED
Mattias Andersson,UNASSIGNED
Mattias Jönsson,UNASSIGNED
Mattias Marberg,UNASSIGNED
Max Berglund,UNASSIGNED
Max Hallberg,UNASSIGNED
Max Öberg,UNASSIGNED
Maxence Valat,UNASSIGNED
Mayank Pandey,UNASSIGNED
Mayur Chavan,UNASSIGNED
Mayur Kumar,UNASSIGNED
Mayur Patil,UNASSIGNED
Mayuri Shirke,UNASSIGNED
Meenakshi Jagannathi,UNASSIGNED
Mehdi Lasri DxPServices,UNASSIGNED
Mi Yeon Grace Jin,UNASSIGNED
Michael Bennett,UNASSIGNED
Michael Chang,UNASSIGNED
Michael Chatel,UNASSIGNED
Michael Harrelson,UNASSIGNED
Michael Hill,UNASSIGNED
Michael Neuhaus,UNASSIGNED
Michael Spohrer,UNASSIGNED
Michael Wunder,UNASSIGNED
Michal Czerw,UNASSIGNED
Michal Pollok,UNASSIGNED
Mikael Hedström,L3
Mikael Lindblom,UNASSIGNED
Mike Genovese,UNASSIGNED
Milosz Jura,UNASSIGNED
Minkyu Kim,L1
Mira Jhala,UNASSIGNED
Mireille Vermorel,UNASSIGNED
Mohammed Emun,UNASSIGNED
Mohan Choudhari,UNASSIGNED
Mohit Khatri,UNASSIGNED
Mohit Rohilla,UNASSIGNED
Mohsin Khan,UNASSIGNED
Mona Gustafsson,UNASSIGNED
Moreshwar Badgujar,UNASSIGNED
Moritz Alms,UNASSIGNED
Mouad Battouch,UNASSIGNED
Mourad ElFaissi,UNASSIGNED
Mourad Hamdi,UNASSIGNED
Mritunjay Kumar Sinha,UNASSIGNED
Mrunmayi Patil,UNASSIGNED
Mrutyunjayya S Kalmath,UNASSIGNED
Muhammad Ahmed DxPServices,UNASSIGNED
Mukesh Gupta,UNASSIGNED
Märta Andersson,UNASSIGNED
Nagoor Khan,UNASSIGNED
Najla Alkhatib,UNASSIGNED
Naman Agarwal,UNASSIGNED
Nancy D,UNASSIGNED
Nancy Liu,UNASSIGNED
Nandan Rj,UNASSIGNED
Narayanan Srinivasan,UNASSIGNED
Nassima Ziani,UNASSIGNED
Natasa Sisinjak,UNASSIGNED
Natrajan Raja,UNASSIGNED
Naveen Arumugam,UNASSIGNED
Naveen Tripathi,UNASSIGNED
Neel Sampat,UNASSIGNED
Neelabh Trivedi,UNASSIGNED
Negar Tari,UNASSIGNED
Neha Jogi,UNASSIGNED
Neha Yadav,UNASSIGNED
Neil Cameron,L1
Nelson Noura,UNASSIGNED
Nicholas Bate,UNASSIGNED
Nicholas Bonneau,UNASSIGNED
Nicholas Love,UNASSIGNED
Nicklas Frenne,UNASSIGNED
Niclas Carlevad,UNASSIGNED
Niclas Hjelmsten,UNASSIGNED
Nicolas Bonneau,UNASSIGNED
Nicolas JACQUIOT,UNASSIGNED
Nicolas Jacquiot,UNASSIGNED
Nicolas KAUFFMANN,UNASSIGNED
Nicolas Thuillier,UNASSIGNED
Nidhi Bansal,UNASSIGNED
Nik Ahmad Amin Nik Abdul Aziz,UNASSIGNED
Nikhil Gupta,UNASSIGNED
Nikita Nair,UNASSIGNED
Nikolaus Reiland,UNASSIGNED
Nilalohita Dutta,UNASSIGNED
Nilkant More,UNASSIGNED
Niral Shah,UNASSIGNED
Nirmalya Guha Ray,UNASSIGNED
Nisrine Melyani,UNASSIGNED
Nissar Shaik,UNASSIGNED
Nitesh Bhosale,UNASSIGNED
Nitin Mohan,UNASSIGNED
Nitin Wale,UNASSIGNED
Nityanand Gupta,UNASSIGNED
Nivedan Paliwal,UNASSIGNED
Nivedha Rajan,UNASSIGNED
Nora Egeld,UNASSIGNED
Norbert Rosenpek,UNASSIGNED
Nouralhuda N F Adwan,UNASSIGNED
Ola Björnsson,UNASSIGNED
Ola Widen,UNASSIGNED
Olga Larsson,UNASSIGNED
Oliver Becker,UNASSIGNED
Olivier Druel,UNASSIGNED
Olof Hallgren,UNASSIGNED
Olov Thor,UNASSIGNED
Om Dukiya,UNASSIGNED
Otmane Elanmati,UNASSIGNED
PTC,UNASSIGNED
Pamela Schander,UNASSIGNED
Pardeep Singh,L2
Parul Mahajan,UNASSIGNED
Pascal Grodowski,UNASSIGNED
Patnam Dinesh,UNASSIGNED
Patrik Burman,UNASSIGNED
Patrik Fransson,UNASSIGNED
Patrik Holmstrom DxPServices,UNASSIGNED
Paul Carlsson,UNASSIGNED
Paul Lemoine,UNASSIGNED
Paulina Kalinowska,UNASSIGNED
Paulo Martins,UNASSIGNED
Pavan Kumar,UNASSIGNED
Pawan Patil,UNASSIGNED
Pawan Pawan Kumar Pareek,UNASSIGNED
Pawel Ostafinski,L1
Pawel Polanski,UNASSIGNED
Pawel Tomczak,UNASSIGNED
Pekka Sassi,UNASSIGNED
Per Jonasson,UNASSIGNED
Per Lund,UNASSIGNED
Per Lundh,UNASSIGNED
Per Norling,UNASSIGNED
Per-Anders Sköldberg,UNASSIGNED
Pernilla Sameus,UNASSIGNED
Peter Bäck,UNASSIGNED
Peter Howe,UNASSIGNED
Peter Larsson,UNASSIGNED
Peter Schons,UNASSIGNED
Philipp Lenz,UNASSIGNED
Philippe Fluchaire,UNASSIGNED
Pierre Darme,UNASSIGNED
Pierre-Henri Saint-Martin,UNASSIGNED
Piotr Bienias,UNASSIGNED
Piotr Fafula,UNASSIGNED
Piotr Grzegorczyk,UNASSIGNED
Piotr Papior,UNASSIGNED
Pooja shitole,UNASSIGNED
Poonam Sanil,UNASSIGNED
Prabhanjan Shukla,UNASSIGNED
Prabhu Vakel,UNASSIGNED
Pradnya Shinde,L2
Pradyut Kumar,UNASSIGNED
Prajwal Jogi,UNASSIGNED
Prajwal Wankhade,UNASSIGNED
Pranav Kulkarni,UNASSIGNED
Pranitha Lachireddy,UNASSIGNED
Prasad Naidu,UNASSIGNED
Prasad Reddy,UNASSIGNED
Prashant Korde,UNASSIGNED
Prashant Samant,UNASSIGNED
Prashanth K,UNASSIGNED
Pratap Reddy Kunduru,L3
Prateek Nimbalkar,UNASSIGNED
Pratibha Bhandari,UNASSIGNED
Pratik Jain,UNASSIGNED
Pratimkumar Gaikwad,UNASSIGNED
Praveen Chandrashekar,UNASSIGNED
Praveen Patil,L2
Praveen Poddar,L3
Pravin Shinde,UNASSIGNED
Preeti Deshpande,UNASSIGNED
Priya Bhardwaj,UNASSIGNED
Priyali Mukherjee,UNASSIGNED
Priyanka ALM Jadhav,UNASSIGNED
Priyanka Bhakare,UNASSIGNED
Priyanka Gaikwad,UNASSIGNED
Priyanka Goswami,UNASSIGNED
Priyanka Karunakaran,UNASSIGNED
Priyanka WGM+VIZ Jadhav,UNASSIGNED
Pär Lindgren,UNASSIGNED
Rachit Bansal,UNASSIGNED
Raghav Gaur,UNASSIGNED
Raghavendra Dattatreya,UNASSIGNED
Rahul Ghadge,UNASSIGNED
Rahul Janardan,UNASSIGNED
Rahul Soni,UNASSIGNED
Rainer Hoffmann,UNASSIGNED
Raj Shekhar Kumar,UNASSIGNED
Rajan Nivedha,UNASSIGNED
Rajasekhar Kandalam,UNASSIGNED
Rajendran Srinivasan,UNASSIGNED
Rajesh Alamsetty,UNASSIGNED
Rajesh Pandillapalli,UNASSIGNED
Rajesh Sayana,UNASSIGNED
Rajeshwar Godwe,UNASSIGNED
Rajkumar Poosamy,UNASSIGNED
Rajkumar Subramani,UNASSIGNED
Rakshitha G S,UNASSIGNED
Raluca Barboi,UNASSIGNED
Raluca Cretu,UNASSIGNED
Ram Parhad,UNASSIGNED
Raman Kumar,UNASSIGNED
Ramesh Sh,L2
Rameshwar Pise,UNASSIGNED
Ramkumar Kandasamy,UNASSIGNED
Rani Shelke,UNASSIGNED
Ranjan G,UNASSIGNED
Raphael Leveque,UNASSIGNED
Rasmus Vanhala,UNASSIGNED
Ravi Aare,UNASSIGNED
Ravi Kumar Verma,UNASSIGNED
RaviRaj Selvarathinam,UNASSIGNED
Ravuri Santhi kiran,UNASSIGNED
Rawand Alostaz,UNASSIGNED
Raya Dey,UNASSIGNED
Reine Benjaminsson,UNASSIGNED
Remy Morand,UNASSIGNED
Remy Ratanat,UNASSIGNED
Renan Campos,UNASSIGNED
Reshma R,L3
Ria Gupta,UNASSIGNED
Richard Linnsand,UNASSIGNED
Richard PONGAN,UNASSIGNED
Rickard Arnell,UNASSIGNED
Rickard Lewenstedt,UNASSIGNED
Rijoy Babu,UNASSIGNED
Rijoy Babu T Supplier,UNASSIGNED
Rim Kouchad,UNASSIGNED
Rishabh Jain,UNASSIGNED
Rishabh Sharma,UNASSIGNED
Riya Rokde,UNASSIGNED
Roar Björk,UNASSIGNED
Robert Ladd,UNASSIGNED
Robert Marczak,UNASSIGNED
Robert Morelius,UNASSIGNED
Robert Soimu,UNASSIGNED
Robin Möller,L1
Robin Öberg,UNASSIGNED
Rodrigo Estabile,UNASSIGNED
Rodrigo Ortega,UNASSIGNED
Rohit Amarlapudi,UNASSIGNED
Rohit Garg,UNASSIGNED
Rohit Sharma,UNASSIGNED
Rohit Yadav,UNASSIGNED
Roland Raytchev,UNASSIGNED
Romain Caspoir,UNASSIGNED
Romeo Ridel,UNASSIGNED
Rong Zhan,L1
Roop Singh,UNASSIGNED
Roshan Jha,UNASSIGNED
Ruben Amoli,UNASSIGNED
Rucha Panat,UNASSIGNED
Rucha Shah,UNASSIGNED
Rudy Slegers,UNASSIGNED
Ruhi Kashyap,UNASSIGNED
Rumi Kumari,UNASSIGNED
Rune Denti,UNASSIGNED
Rushikesh Gaikwad,UNASSIGNED
Russ Martin,UNASSIGNED
Ryszard Laskowski,UNASSIGNED
SAYD AMMY DRISS,UNASSIGNED
SHASHANK MISHRA,UNASSIGNED
SUNIL KUMAR,UNASSIGNED
Saad Ayadi,UNASSIGNED
Saahil Shah,UNASSIGNED
Sabina Haglund,UNASSIGNED
Sabine Jarry,UNASSIGNED
Sabitha K,UNASSIGNED
Sachin Namde,UNASSIGNED
Sachin Sharma,UNASSIGNED
Sachit Soni,UNASSIGNED
Sadasivam Satish,UNASSIGNED
Sadiki Solomon,UNASSIGNED
Sagar Pathipaka,UNASSIGNED
Sahil Koundal,UNASSIGNED
Sairaj Khosare,UNASSIGNED
Saki Mousafiris,UNASSIGNED
Saksham Raheja,UNASSIGNED
Sakshe Kadam,UNASSIGNED
Sakshi Ghumatkar,UNASSIGNED
Salome Han,UNASSIGNED
Sam Li,UNASSIGNED
Samarth Khandelwal,UNASSIGNED
Samuel Chauvelin,UNASSIGNED
Samuel Didier,UNASSIGNED
Samuel Silveira,UNASSIGNED
Sanath Sudhakar,UNASSIGNED
Sandeep Desai,UNASSIGNED
Sandeep Raut,UNASSIGNED
Sandeep Sambhaji Desai,UNASSIGNED
Sandesh Kale,UNASSIGNED
Sangeeta Chinta,UNASSIGNED
Sangmin Gwon,UNASSIGNED
Sangwook Park,L1
Sanjay Kadam,UNASSIGNED
Sanket Khardikar,UNASSIGNED
Santhi Prasad,UNASSIGNED
Sara Kroneskog,UNASSIGNED
SaradaPrasad Prusty,UNASSIGNED
Sarah Lifbom,UNASSIGNED
Saravanan Ganapathy,UNASSIGNED
Sare Mobtaker,UNASSIGNED
Sarthak Rastogi,UNASSIGNED
Sarthak Shinde,UNASSIGNED
Sarvesh Bukkawar,UNASSIGNED
Sathiyamurthy Rajendran,UNASSIGNED
Satwashil Mane,UNASSIGNED
Saurabh Ghewande,UNASSIGNED
Saurabh Jadhav,UNASSIGNED
Sayali Jadhav,UNASSIGNED
Sayee Selvaraj,UNASSIGNED
Sean Li,UNASSIGNED
Sebastian Stempniewski,UNASSIGNED
Sebastian Sund,UNASSIGNED
Sebastien Sauvage,UNASSIGNED
Sehrish Khan,UNASSIGNED
Seija Tall,L1
Sejong Lee,UNASSIGNED
Selvaganapathi Sudhandhiravel,UNASSIGNED
Senorita Sar,UNASSIGNED
Serge Acquarone,UNASSIGNED
Seshu Kumar Gudla,UNASSIGNED
Seungil Yang,UNASSIGNED
Shahnaz Begum,UNASSIGNED
Shailendra Aglave,UNASSIGNED
Shamina Shaikh,UNASSIGNED
Shanker Venkatsubramanian,UNASSIGNED
Sharmila K A,UNASSIGNED
Sharon Langley,UNASSIGNED
Shashikant Jahagirdar,UNASSIGNED
Shekhar Pushkaran,UNASSIGNED
Sherry Chen,UNASSIGNED
Shikhar Bakshi,UNASSIGNED
Shirishkumar Ghorpade,UNASSIGNED
Shirley Yang,UNASSIGNED
Shirvan Hasan,UNASSIGNED
Shivani Salunke,UNASSIGNED
Shivraj Yadav,UNASSIGNED
Shobhit Dayal,UNASSIGNED
Shradha Jadhav,UNASSIGNED
Shreyal Srivastava,UNASSIGNED
Shrinivas Hegde,UNASSIGNED
Shriniwas Putta,UNASSIGNED
Shriram Gaikwad,UNASSIGNED
Shrishant Patil,UNASSIGNED
Shruti Priya,UNASSIGNED
Shubham Akolkar,UNASSIGNED
Shubham Doshi,UNASSIGNED
Shubham Paliwal,UNASSIGNED
Shubham Sapar,UNASSIGNED
Shubham Yadav,UNASSIGNED
Siddharth Agrawal,UNASSIGNED
Siddharth Arun Shukla,UNASSIGNED
Siddharth Khot,UNASSIGNED
Simon Hermansson,UNASSIGNED
Simon Josefsson,UNASSIGNED
Simon Tullberg,UNASSIGNED
Simon-Ahmed Charette,UNASSIGNED
Sithik Rahamedhulla,L3
Sivabalan Natesan,UNASSIGNED
Slawomir Wesolowski,UNASSIGNED
Soma Chakraborty,UNASSIGNED
Son Jerome,UNASSIGNED
Souhail oUABI,UNASSIGNED
Sravankumar BU,UNASSIGNED
Sravya Ts,UNASSIGNED
Sriharsha Mangena,UNASSIGNED
Srinivasan Rajendran,UNASSIGNED
Staci Noe,UNASSIGNED
Stefan Lilja,UNASSIGNED
Stefan Rosioru,UNASSIGNED
Stefan Schuhmacher,UNASSIGNED
Stephane Bernard,UNASSIGNED
Stephane Mainente,UNASSIGNED
Stephanie Schwan,UNASSIGNED
Stephen Gumbas,UNASSIGNED
St�phane Bouchereau,UNASSIGNED
Subash Mullanezhi,UNASSIGNED
Subhankar Satpathy,UNASSIGNED
Sudeepta Verma,UNASSIGNED
Sukrut Sathaye,UNASSIGNED
Suleman Shohaib Shaik Mohammad,UNASSIGNED
Sumeet Khandre,UNASSIGNED
Sumeet Khasnis,UNASSIGNED
Sumit Prasad,UNASSIGNED
Sumit Tambe,UNASSIGNED
Sumitra Rao,UNASSIGNED
Sung Hoon Yang,UNASSIGNED
Sunil K,UNASSIGNED
Supriya Raut,UNASSIGNED
Surbhi Yadav,UNASSIGNED
Surendranath Reddy,L2
Surendranath Reddy Suram,L2
Surendranath Suram,L2
Surya Tiwari,UNASSIGNED
Susanne Andersson,UNASSIGNED
Susanne Borgkvist,UNASSIGNED
Suvankar Brahmachari,UNASSIGNED
Suvina Shrimal,UNASSIGNED
Suyash Kabra,UNASSIGNED
Swapnil Pandhare,UNASSIGNED
Swapnil Patil,UNASSIGNED
Sylwia Mioduszewska,UNASSIGNED
THOMAS RYAN,UNASSIGNED
Taehyung Kwon,UNASSIGNED
Tanuj Sharma,UNASSIGNED
Tara McCombie,UNASSIGNED
Tarik Wifak,UNASSIGNED
Tejas Mahadik,UNASSIGNED
Tejas Sonawane,UNASSIGNED
Tejashwini Aare,UNASSIGNED
Teresa Man,UNASSIGNED
Terje Forseth,UNASSIGNED
Theo Mazars,UNASSIGNED
Theodor Nilsson,UNASSIGNED
Thippeshkumara M S,UNASSIGNED
Thogata Dharma Teja,UNASSIGNED
Thomas Andersson,UNASSIGNED
Thomas Caro,UNASSIGNED
Thomas Cederqvist,UNASSIGNED
Thomas Endres,L1
Thomas Gemzell,UNASSIGNED
Thomas Hultgren,UNASSIGNED
Thomas Moore,UNASSIGNED
Thomas Oschmann,UNASSIGNED
Thomas Svahn Wolter,UNASSIGNED
Tian Jin,UNASSIGNED
Tibor Jandi,UNASSIGNED
Tilo Helmig,UNASSIGNED
Tim Phelps,UNASSIGNED
Tina Qiu,UNASSIGNED
Titiksh Kumar,UNASSIGNED
Tobias Reinhardt,UNASSIGNED
Tomas Söderqvist,UNASSIGNED
Tomasz Holodniak,UNASSIGNED
Tomasz Krauze,UNASSIGNED
Tomasz Lodzinski,UNASSIGNED
Tomasz Troc,UNASSIGNED
Toolika Dixit,UNASSIGNED
Torbjorn Nilsson,UNASSIGNED
Torbjörn Jonasson,UNASSIGNED
Torgny Bengtsson,UNASSIGNED
Trupti Kadam,UNASSIGNED
Tyler Misner,UNASSIGNED
Tyler Morrow,UNASSIGNED
Tylor Zhao,UNASSIGNED
Uday Challapalli,UNASSIGNED
Ulf Lanetoft,UNASSIGNED
Ulla Harneit,UNASSIGNED
Upare Kaustubh,UNASSIGNED
Utsav Jain,UNASSIGNED
Uttam Ram,UNASSIGNED
V. arpitha,UNASSIGNED
Vaibhavi Raghav,UNASSIGNED
Vaishali Jadon,UNASSIGNED
Varun Bhandari,UNASSIGNED
Varun Hippargi,UNASSIGNED
Vasanth Kumar,UNASSIGNED
Vedamruta Udavant,UNASSIGNED
Vesa Gredeson,UNASSIGNED
Vibhuti Angne,UNASSIGNED
Vidhyadhara M,UNASSIGNED
Vignesh Mogaveera,UNASSIGNED
Vignesh S Mogaveera,UNASSIGNED
Vigneshwaran A,UNASSIGNED
Vijaya Umap,UNASSIGNED
Vikashkumar Hariprasad,UNASSIGNED
Vikram Singh,UNASSIGNED
Vinay Kumar,UNASSIGNED
Vincent Barnoux,UNASSIGNED
Vinod Shenoy,UNASSIGNED
Vinoth Subramani,UNASSIGNED
Viraj Kadam,UNASSIGNED
Vishal Patil,UNASSIGNED
Vishwanath Hakkarki,UNASSIGNED
Vishwas Anantwar,UNASSIGNED
Vivek Mallineni,UNASSIGNED
Vrushali Hawal,UNASSIGNED
Vyankatesh Khairnar,UNASSIGNED
Wafaa Nadar,UNASSIGNED
Walid HAMIZI,UNASSIGNED
Wanghong Chen,UNASSIGNED
Wasim Ahmed,UNASSIGNED
Wissal El Khattam,UNASSIGNED
Wouter Noerens,UNASSIGNED
Xavier Morel,UNASSIGNED
Xiaobin Yang,UNASSIGNED
Xiaoxia Wu,L1
Xin Liu,UNASSIGNED
Xing Sang,UNASSIGNED
Ya Jun Eileen Zhang,UNASSIGNED
Yamini Tella,UNASSIGNED
Yang Lin Gavin Guo,UNASSIGNED
Yanggi Min,L1
Yann KERMOAL,UNASSIGNED
Yash Gupta,UNASSIGNED
Yash Israni,UNASSIGNED
Yashraj Raje,UNASSIGNED
Yashul Srivastava,UNASSIGNED
Yassine Kazal,UNASSIGNED
Yasutake Takahashi,UNASSIGNED
Yi Su Teng,UNASSIGNED
Yi Sun,UNASSIGNED
Yin Chen,UNASSIGNED
Ying Xu Akim Jin,UNASSIGNED
Yogesh Deshpande,UNASSIGNED
Yogesh Gunjal,UNASSIGNED
Yogesh Kalyanpad,UNASSIGNED
Yogesh Nalawade,UNASSIGNED
Yogesh Patel,UNASSIGNED
Yoshiyuki Sato,UNASSIGNED
Younes Elouali,UNASSIGNED
Younes Raqi,UNASSIGNED
Youssef Driouchy,UNASSIGNED
Yoyo Han,UNASSIGNED
Zakaria Hamri,UNASSIGNED
Zeeshan Khan,UNASSIGNED
Zhen Yin,UNASSIGNED
abhishek kesarwani,UNASSIGNED
arnaud lallart,UNASSIGNED
arshad pasha mohd,UNASSIGNED
arulmurugu arumugaswamy,UNASSIGNED
balaji dange,UNASSIGNED
chulhyun cho,UNASSIGNED
david unger,UNASSIGNED
hcl_integration,UNASSIGNED
javeed kagad,UNASSIGNED
jonathan fenelius,UNASSIGNED
karthican v,UNASSIGNED
leo thomas,UNASSIGNED
mathan Mohan,UNASSIGNED
prabakaran veeran,UNASSIGNED
praveen poddar,UNASSIGNED
reshma r,UNASSIGNED
roland spets,UNASSIGNED
sambasiva Reddy Murapureddy,UNASSIGNED
sudhakar k,UNASSIGNED
vanaja Manvi,UNASSIGNED
vimal rawat,UNASSIGNED
Örjan Larsson,UNASSIGNED
